essay_id,intended_cEXT,intended_cNEU,intended_cAGR,intended_cCON,intended_cOPN,prob_cEXT,prob_cNEU,prob_cAGR,prob_cCON,prob_cOPN,pred_cEXT,pred_cNEU,pred_cAGR,pred_cCON,pred_cOPN
1999_894712.txt,1,0,1,1,1,0.9138199,0.027049493,0.9796832,0.8934831,0.9362734,1,0,1,1,1
2002_769785.txt,1,1,0,1,0,0.9093545,0.7808174,0.8881937,0.590554,0.48609203,1,1,1,1,0
2000_874178.txt,0,1,0,0,1,0.6438426,0.82235175,0.63336337,0.50775325,0.699438,1,1,1,1,1
1998_530331.txt,1,1,1,0,1,0.5795607,0.47711873,0.63004506,0.3246022,0.8175494,1,0,1,0,1
1998_261656.txt,1,1,0,1,1,0.84552854,0.4833736,0.8710199,0.6375011,0.8152017,1,0,1,1,1
2000_950163.txt,1,1,1,0,1,0.9126397,0.25470212,0.6810811,0.6001744,0.96901715,1,0,1,1,1
2000_845859.txt,1,0,1,1,0,0.9213806,0.32077363,0.8802441,0.73905927,0.65383595,1,0,1,1,1
1999_780103.txt,1,1,0,1,0,0.9267051,0.6539814,0.7074563,0.56621826,0.8103059,1,1,1,1,1
1997_475230.txt,1,0,1,1,1,0.66377324,0.27931407,0.8263425,0.5133076,0.5675662,1,0,1,1,1
2002_770416.txt,0,1,0,0,0,0.67921036,0.5993658,0.68868506,0.49381655,0.89571553,1,1,1,0,1
1997_597205.txt,0,1,1,0,0,0.71354866,0.72654814,0.55813533,0.68822175,0.9109633,1,1,1,1,1
1998_677547.txt,0,1,1,0,0,0.7419445,0.89746,0.7751512,0.7464559,0.6154204,1,1,1,1,1
2000_840640.txt,1,0,0,1,0,0.7794815,0.27981824,0.7574982,0.40860447,0.78498554,1,0,1,0,1
1999_913369.txt,0,0,0,0,1,0.4787468,0.33267406,0.3154552,0.48446453,0.9586837,0,0,0,0,1
2003_379.txt,1,1,0,0,1,0.9163092,0.61252964,0.8342256,0.5016374,0.68765426,1,1,1,1,1
2004_330.txt,1,1,1,1,1,0.82546157,0.5685076,0.94925445,0.4459337,0.66102517,1,1,1,0,1
2003_291.txt,0,1,1,0,0,0.8409059,0.88179725,0.8546205,0.5792804,0.68716806,1,1,1,1,1
1999_901945.txt,1,0,1,1,0,0.9615246,0.25037128,0.8580081,0.8451259,0.9358037,1,0,1,1,1
1998_872000.txt,0,1,1,1,1,0.56603116,0.31149086,0.7285706,0.75603396,0.9877622,1,0,1,1,1
2003_33.txt,1,1,0,0,1,0.8670134,0.17934315,0.53239274,0.7066288,0.83338743,1,0,1,1,1
1999_262761.txt,1,0,1,1,0,0.9559833,0.30167896,0.947532,0.87249434,0.73358524,1,0,1,1,1
2002_102020.txt,0,1,0,1,1,0.60343397,0.44293427,0.77491295,0.58735377,0.96299255,1,0,1,1,1
2000_697936.txt,0,1,0,1,0,0.8446032,0.8677475,0.39239898,0.6593944,0.93855715,1,1,0,1,1
2004_85.txt,1,0,0,0,1,0.92965317,0.112497434,0.90014607,0.8132933,0.83574504,1,0,1,1,1
1999_916431.txt,1,0,1,1,1,0.8852276,0.13948774,0.8976573,0.7358166,0.8681668,1,0,1,1,1
1999_576140.txt,0,0,0,1,0,0.5926331,0.3521673,0.46199074,0.8321591,0.37260142,1,0,0,1,0
2003_569.txt,0,0,1,0,1,0.42826542,0.2796124,0.35787362,0.647921,0.96544725,0,0,0,1,1
1997_736254.txt,1,1,0,0,1,0.46614546,0.6145397,0.28929567,0.3485596,0.8227265,0,1,0,0,1
1998_488580.txt,0,0,0,0,0,0.64374876,0.7062591,0.4819582,0.6173424,0.91422755,1,1,0,1,1
2003_149.txt,0,0,1,0,0,0.8517691,0.4829633,0.88236314,0.7219074,0.9689362,1,0,1,1,1
2003_243.txt,1,1,1,0,0,0.82119703,0.5773284,0.6875616,0.25926486,0.89285696,1,1,1,0,1
1999_680598.txt,1,0,1,1,1,0.8375791,0.5522309,0.90536404,0.5936782,0.5677678,1,1,1,1,1
2000_715921.txt,1,0,1,1,0,0.8979512,0.18974692,0.7888566,0.745565,0.7234183,1,0,1,1,1
1997_477443.txt,0,1,1,1,0,0.7741722,0.7860857,0.90287906,0.65276706,0.20344171,1,1,1,1,0
2003_43.txt,1,1,1,0,1,0.87762755,0.32283145,0.87388486,0.5872731,0.72140855,1,0,1,1,1
1998_129982.txt,0,1,0,1,1,0.86834145,0.6125091,0.6115713,0.535421,0.62644523,1,1,1,1,1
1997_499042.txt,1,1,1,1,1,0.62754184,0.20473275,0.9327345,0.48636153,0.9572863,1,0,1,0,1
1997_819301.txt,1,1,1,1,0,0.95406634,0.68823355,0.86896837,0.58216727,0.3211718,1,1,1,1,0
2002_676085.txt,1,0,1,0,1,0.8518778,0.16367558,0.76891494,0.71953523,0.9247733,1,0,1,1,1
2003_513.txt,1,0,0,1,1,0.6714863,0.17113024,0.8465736,0.69151956,0.88408995,1,0,1,1,1
2002_693614.txt,0,1,0,0,1,0.84685177,0.62883353,0.4833666,0.74195784,0.93979234,1,1,0,1,1
1997_147396.txt,0,1,0,0,1,0.78524756,0.4072332,0.65769225,0.51589787,0.92318165,1,0,1,1,1
2000_762391.txt,0,0,0,1,1,0.52228,0.47404075,0.85524505,0.35657957,0.87310857,1,0,1,0,1
2004_126.txt,0,0,1,1,1,0.7131435,0.445811,0.77923244,0.2856394,0.9490884,1,0,1,0,1
2000_575736.txt,0,0,0,0,0,0.8582722,0.6324185,0.7272277,0.76111877,0.5850719,1,1,1,1,1
2003_308.txt,1,0,0,0,0,0.87589633,0.19498678,0.5785141,0.63127774,0.8017171,1,0,1,1,1
2003_228.txt,0,1,1,0,0,0.74044937,0.608867,0.61481607,0.6542431,0.7761724,1,1,1,1,1
2003_415.txt,1,0,0,0,1,0.75945145,0.39053196,0.84181833,0.3906611,0.59125245,1,0,1,0,1
1998_676910.txt,1,0,1,1,0,0.93265647,0.085880764,0.955188,0.6661787,0.8230335,1,0,1,1,1
2000_997950.txt,0,1,1,0,0,0.8416556,0.58038354,0.91764486,0.73255515,0.5602059,1,1,1,1,1
2002_864597.txt,1,0,1,0,0,0.84905654,0.22924149,0.5655888,0.61876327,0.88733256,1,0,1,1,1
2003_507.txt,0,1,1,0,0,0.8959309,0.7223442,0.7681894,0.42449093,0.74340904,1,1,1,0,1
2002_750740.txt,0,1,0,0,1,0.8330377,0.42060018,0.8247066,0.39016137,0.9812238,1,0,1,0,1
2002_609940.txt,0,1,0,0,0,0.78127795,0.8052551,0.8253562,0.6140865,0.610946,1,1,1,1,1
1998_534795.txt,1,0,0,1,0,0.90291005,0.4014484,0.8208335,0.7193042,0.4948104,1,0,1,1,0
1999_322993.txt,0,1,1,0,1,0.64746445,0.4362189,0.4952535,0.49458647,0.93653595,1,0,0,0,1
1999_917875.txt,1,1,0,0,1,0.92448646,0.34563708,0.8167055,0.5065996,0.9442487,1,0,1,1,1
2000_164084.txt,1,0,1,0,0,0.80049807,0.19834301,0.90637004,0.727445,0.36132807,1,0,1,1,0
2004_309.txt,1,0,1,1,0,0.96755356,0.13954216,0.8598798,0.8975446,0.64665115,1,0,1,1,1
1997_833350.txt,0,1,0,0,0,0.7605115,0.7504414,0.7300018,0.39050484,0.76262313,1,1,1,0,1
2003_193.txt,1,1,1,1,0,0.96218866,0.29851356,0.9448547,0.9148767,0.4224812,1,0,1,1,0
1999_903880.txt,0,0,1,1,1,0.6191993,0.21844086,0.7016248,0.78015083,0.96676475,1,0,1,1,1
2002_972972.txt,1,1,0,0,1,0.93246055,0.5238063,0.9157719,0.71870595,0.5071635,1,1,1,1,1
1999_536608.txt,1,0,1,1,0,0.86222404,0.19959657,0.80587643,0.79745185,0.9474214,1,0,1,1,1
1999_874130.txt,0,0,1,1,1,0.584331,0.17814669,0.69082624,0.6628192,0.9036408,1,0,1,1,1
2002_655082.txt,0,0,0,0,0,0.3540571,0.8721987,0.27432898,0.3369076,0.74093264,0,1,0,0,1
1999_657716.txt,1,0,1,1,1,0.9035058,0.1784279,0.8696923,0.59052217,0.95981723,1,0,1,1,1
1999_975769.txt,0,1,0,0,1,0.5491584,0.7548941,0.33193415,0.6839256,0.79429346,1,1,0,1,1
1997_511579.txt,1,0,1,1,0,0.86396724,0.28267193,0.92944103,0.8478705,0.5650449,1,0,1,1,1
2002_790094.txt,1,1,1,0,0,0.91499317,0.49003372,0.88591164,0.90055156,0.74466217,1,0,1,1,1
2004_290.txt,0,1,0,0,0,0.82299685,0.8254485,0.7216167,0.5133239,0.85881245,1,1,1,1,1
2002_975468.txt,0,0,1,1,1,0.802266,0.24595717,0.8963387,0.5276062,0.9354877,1,0,1,1,1
2004_462.txt,1,0,0,0,0,0.86693466,0.34926018,0.76458395,0.7228544,0.7360012,1,0,1,1,1
2002_039437.txt,0,0,0,1,0,0.85323375,0.686102,0.79134864,0.62589025,0.75751585,1,1,1,1,1
2000_445053.txt,1,0,1,0,0,0.8299844,0.4173235,0.8496296,0.65451753,0.732524,1,0,1,1,1
2000_553656.txt,1,0,0,0,1,0.6255278,0.20549487,0.38891056,0.3379409,0.9463335,1,0,0,0,1
2002_325630.txt,1,0,1,0,0,0.86602855,0.27158055,0.8334069,0.65546626,0.85454094,1,0,1,1,1
1999_044829.txt,1,1,0,1,1,0.8735117,0.5335735,0.7862754,0.39709583,0.7766971,1,1,1,0,1
2000_936005.txt,1,0,0,0,1,0.7023752,0.23705718,0.8010823,0.5507399,0.9492958,1,0,1,1,1
2002_127941.txt,1,0,1,1,0,0.86783576,0.1354342,0.94151026,0.89389306,0.29330987,1,0,1,1,0
2004_18.txt,0,0,1,0,1,0.58162624,0.34152728,0.8395336,0.13795525,0.76236486,1,0,1,0,1
2004_231.txt,1,0,1,1,0,0.9699793,0.32212734,0.93610823,0.9446939,0.4722404,1,0,1,1,0
1998_447523.txt,0,1,1,0,1,0.64329827,0.6701181,0.5718553,0.5781841,0.9496482,1,1,1,1,1
2002_712619.txt,1,0,1,1,1,0.94930786,0.03911351,0.9106954,0.93765694,0.8237217,1,0,1,1,1
2002_695597.txt,1,0,1,1,1,0.91798925,0.13736558,0.96079236,0.72082484,0.25745708,1,0,1,1,0
1998_471243.txt,1,1,1,0,1,0.83240336,0.088735856,0.9194856,0.5496753,0.97977406,1,0,1,1,1
2000_999176.txt,0,1,0,0,1,0.757359,0.5273754,0.6512293,0.42266226,0.9283303,1,1,1,0,1
2002_766324.txt,0,1,0,1,0,0.55905396,0.56039006,0.5681392,0.33739382,0.84816945,1,1,1,0,1
2003_90.txt,0,1,0,1,0,0.80329555,0.72435594,0.33438548,0.68704367,0.5315065,1,1,0,1,1
1999_890187.txt,0,0,1,0,1,0.5852174,0.2854446,0.55168015,0.2723667,0.9913412,1,0,1,0,1
2000_094896.txt,0,1,0,0,1,0.80784965,0.5388389,0.40832406,0.31190607,0.9457173,1,1,0,0,1
1998_762608.txt,0,1,0,0,0,0.67517656,0.4071969,0.64230776,0.42277488,0.75761145,1,0,1,0,1
2000_876930.txt,1,0,1,1,1,0.8251481,0.07602861,0.88773495,0.7931502,0.92093587,1,0,1,1,1
2003_357.txt,1,0,1,0,1,0.81767595,0.2490147,0.8700014,0.42521745,0.6871642,1,0,1,0,1
2003_129.txt,0,0,1,0,0,0.68568444,0.31979722,0.29087916,0.7612492,0.681929,1,0,0,1,1
1998_911801.txt,0,0,0,1,1,0.72696334,0.12488968,0.9274709,0.72279906,0.89264905,1,0,1,1,1
1999_851896.txt,0,0,0,1,0,0.6089825,0.43049285,0.59161323,0.4326137,0.8926978,1,0,1,0,1
1999_180595.txt,1,1,0,0,1,0.81543213,0.3607372,0.6065236,0.2722133,0.84282285,1,0,1,0,1
2000_681979.txt,1,1,1,0,1,0.8651235,0.657987,0.80957127,0.44873044,0.55078924,1,1,1,0,1
1998_937597.txt,1,1,1,0,0,0.9538116,0.496765,0.88990474,0.7561816,0.7249278,1,0,1,1,1
1997_893217.txt,1,0,1,1,1,0.88595366,0.087044396,0.96702856,0.8545576,0.94676447,1,0,1,1,1
1998_531732.txt,1,1,1,1,1,0.9353768,0.47689652,0.8124919,0.62107503,0.60428697,1,0,1,1,1
2003_119.txt,0,1,0,1,1,0.3794665,0.7461969,0.28303823,0.41227442,0.8927124,0,1,0,0,1
2003_197.txt,1,0,1,1,1,0.8155561,0.2603476,0.784768,0.27059084,0.9465069,1,0,1,0,1
1997_831768.txt,0,0,0,0,1,0.753511,0.15833677,0.58202106,0.5773767,0.9808352,1,0,1,1,1
2002_998805.txt,0,0,0,1,1,0.67956054,0.067809805,0.4846684,0.5341486,0.96305734,1,0,0,1,1
2003_207.txt,0,1,1,1,1,0.66857105,0.608029,0.6919244,0.53754514,0.67150307,1,1,1,1,1
2004_32.txt,1,1,1,0,0,0.7553075,0.6768463,0.8673989,0.56866366,0.67448485,1,1,1,1,1
1997_460592.txt,1,0,0,1,1,0.70437104,0.28463328,0.7025435,0.22397712,0.9273007,1,0,1,0,1
1997_693196.txt,1,0,1,0,0,0.86551815,0.37722015,0.6024004,0.37973902,0.9426396,1,0,1,0,1
2004_129.txt,1,1,0,1,1,0.80408627,0.665017,0.6155658,0.31185365,0.94161415,1,1,1,0,1
2003_231.txt,1,0,0,1,0,0.934447,0.28147957,0.8763626,0.7665433,0.68935806,1,0,1,1,1
2004_110.txt,1,1,1,1,0,0.94882786,0.15505305,0.8500295,0.62219346,0.99317944,1,0,1,1,1
2000_108295.txt,0,1,0,0,1,0.52923316,0.7633073,0.26736286,0.47116634,0.92768,1,1,0,0,1
2000_053427.txt,1,0,1,1,1,0.86295265,0.045512933,0.9350018,0.81840295,0.90785956,1,0,1,1,1
2000_857295.txt,1,1,1,1,0,0.81030154,0.28142646,0.9060925,0.50370324,0.76030725,1,0,1,1,1
2002_012297.txt,1,0,0,1,1,0.44663495,0.24291497,0.7715172,0.7282449,0.85659516,0,0,1,1,1
2002_136641.txt,1,0,0,1,0,0.8597376,0.27707532,0.64746165,0.7722694,0.51319623,1,0,1,1,1
2002_938041.txt,1,1,1,0,1,0.940657,0.24937643,0.83797306,0.6930543,0.7619476,1,0,1,1,1
1998_631077.txt,0,1,0,1,0,0.84235287,0.59775925,0.9038315,0.7619879,0.9843971,1,1,1,1,1
2003_192.txt,0,0,0,1,1,0.7159839,0.2650743,0.76632893,0.7090136,0.84247893,1,0,1,1,1
1997_898660.txt,1,1,0,1,1,0.9438577,0.4956332,0.92668396,0.6737755,0.9668378,1,0,1,1,1
1999_514159.txt,1,0,1,0,1,0.93580556,0.31003976,0.7579505,0.5497748,0.836709,1,0,1,1,1
2000_676072.txt,1,1,0,1,1,0.81404656,0.41365087,0.6832516,0.5624999,0.8117054,1,0,1,1,1
1998_958207.txt,0,0,1,0,1,0.72798777,0.36296135,0.73492765,0.64685994,0.6232402,1,0,1,1,1
2002_075063.txt,0,1,1,0,0,0.64687127,0.8304663,0.58769476,0.6089118,0.9743969,1,1,1,1,1
1998_892603.txt,1,0,1,1,1,0.7992617,0.23632984,0.9464478,0.55078316,0.5274849,1,0,1,1,1
1998_320428.txt,1,0,1,1,1,0.4496678,0.37593287,0.83305293,0.30352983,0.71141815,0,0,1,0,1
1997_936626.txt,1,1,0,1,1,0.91311705,0.5529684,0.6371431,0.5429205,0.9472184,1,1,1,1,1
1997_801472.txt,0,0,1,0,1,0.7691269,0.29967868,0.88622475,0.5079587,0.85981476,1,0,1,1,1
2002_631016.txt,1,0,1,1,1,0.9199732,0.08966347,0.8862461,0.6908663,0.933817,1,0,1,1,1
2000_449662.txt,1,0,1,0,0,0.9455263,0.12460701,0.91096383,0.7171042,0.9080923,1,0,1,1,1
2002_938191.txt,1,0,0,0,1,0.7486648,0.5442461,0.6834127,0.39774984,0.8311904,1,1,1,0,1
2000_891089.txt,1,0,1,1,1,0.9202932,0.40366063,0.81888413,0.35853016,0.9092529,1,0,1,0,1
1999_266590.txt,1,0,0,1,0,0.8837383,0.16343431,0.8410989,0.75546205,0.688338,1,0,1,1,1
1997_848404.txt,0,0,0,0,1,0.5949992,0.40430298,0.6387111,0.33453983,0.69658077,1,0,1,0,1
2002_957362.txt,1,1,0,1,1,0.9324853,0.62391657,0.8841305,0.52714765,0.6899373,1,1,1,1,1
1997_539448.txt,0,1,0,1,0,0.67932355,0.8676247,0.5903381,0.53587943,0.5302506,1,1,1,1,1
1999_553171.txt,0,0,1,0,1,0.76394343,0.05892382,0.6791384,0.37896743,0.9625515,1,0,1,0,1
1999_956679.txt,0,0,1,0,1,0.6985728,0.24420756,0.83098376,0.6160961,0.9062267,1,0,1,1,1
1997_697427.txt,0,1,1,1,1,0.91205126,0.44729653,0.82912785,0.6692361,0.97517526,1,0,1,1,1
2000_193715.txt,0,0,1,0,0,0.79454905,0.29221058,0.6735879,0.8026864,0.68789566,1,0,1,1,1
2000_953763.txt,0,1,0,0,0,0.4777313,0.83394074,0.37861383,0.55963165,0.6994067,0,1,0,1,1
2003_198.txt,0,0,1,0,1,0.5433794,0.1336461,0.93406373,0.6548511,0.9709886,1,0,1,1,1
2000_952191.txt,0,0,1,1,0,0.70282054,0.17541943,0.65018535,0.7697684,0.6137437,1,0,1,1,1
2002_108161.txt,0,1,0,0,0,0.3702121,0.8239893,0.3764638,0.48766768,0.7949556,0,1,0,0,1
1999_550680.txt,1,1,0,0,0,0.8851787,0.39272323,0.77292687,0.5024563,0.6724539,1,0,1,1,1
1998_816501.txt,0,1,1,0,1,0.83227485,0.5694376,0.46269283,0.44149974,0.98027337,1,1,0,0,1
1998_575921.txt,0,0,1,0,1,0.76958424,0.16087125,0.8931601,0.78116524,0.9782356,1,0,1,1,1
1997_510841.txt,0,1,0,0,1,0.5522888,0.58876145,0.65590215,0.6101077,0.83556217,1,1,1,1,1
2004_347.txt,1,1,1,1,0,0.8884099,0.528739,0.78763276,0.6120707,0.66245544,1,1,1,1,1
2002_423774.txt,0,1,0,0,1,0.718961,0.73000956,0.79578984,0.6315942,0.5215996,1,1,1,1,1
2002_678172.txt,0,1,0,0,1,0.8842267,0.626047,0.5444496,0.6839911,0.9045645,1,1,1,1,1
1999_892569.txt,1,1,1,0,0,0.8694357,0.7787405,0.7314739,0.7215713,0.79096395,1,1,1,1,1
2004_61.txt,1,1,1,1,0,0.86112934,0.31570697,0.94091845,0.8034789,0.37802413,1,0,1,1,0
2003_511.txt,0,0,0,0,0,0.7487168,0.33836898,0.6504021,0.8410504,0.8332537,1,0,1,1,1
2004_292.txt,1,0,1,1,1,0.88012177,0.13351224,0.87521553,0.53009665,0.9565706,1,0,1,1,1
2002_371941.txt,1,1,0,0,1,0.8290879,0.3412161,0.5543164,0.35543123,0.98632765,1,0,1,0,1
1999_578241.txt,0,1,0,1,1,0.65297824,0.5482461,0.52805376,0.40801138,0.9439072,1,1,1,0,1
1998_992657.txt,0,1,0,1,1,0.9026389,0.4551853,0.7682168,0.71597964,0.5472058,1,0,1,1,1
2002_019782.txt,0,1,0,0,0,0.8039016,0.63563937,0.6789288,0.615622,0.78773516,1,1,1,1,1
2002_129211.txt,1,0,0,1,1,0.8250719,0.2282683,0.6851173,0.49594107,0.7665333,1,0,1,0,1
2004_480.txt,0,1,0,0,0,0.85148525,0.75834805,0.83436435,0.7086632,0.441252,1,1,1,1,0
2002_714486.txt,0,1,1,0,0,0.6937145,0.6945224,0.5414255,0.6775739,0.78276825,1,1,1,1,1
2003_55.txt,1,0,1,1,1,0.71636,0.14154162,0.9424144,0.7292265,0.863698,1,0,1,1,1
2003_183.txt,1,1,1,1,1,0.8377027,0.3665816,0.68562216,0.5810413,0.8482929,1,0,1,1,1
2003_105.txt,1,1,1,0,1,0.93115056,0.4622762,0.8295082,0.86358064,0.5271492,1,0,1,1,1
1997_262585.txt,0,1,0,1,1,0.67725605,0.7385273,0.6285788,0.5834046,0.8802419,1,1,1,1,1
2000_979459.txt,0,1,0,0,1,0.6877137,0.33065322,0.6074,0.4166045,0.9793977,1,0,1,0,1
2004_453.txt,1,0,1,1,0,0.8591617,0.24367009,0.8569819,0.81293327,0.51512456,1,0,1,1,1
2002_578490.txt,1,1,1,1,1,0.77338326,0.2119385,0.7331918,0.38957965,0.98868644,1,0,1,0,1
2003_200.txt,1,0,1,0,1,0.9113991,0.15941639,0.82091933,0.4999584,0.9317931,1,0,1,0,1
2002_143981.txt,1,1,1,0,0,0.87697715,0.266251,0.807372,0.7838836,0.7519541,1,0,1,1,1
1998_834298.txt,0,1,1,1,0,0.78070754,0.6882175,0.64181167,0.73485047,0.8226516,1,1,1,1,1
2000_952164.txt,0,0,0,1,0,0.5490497,0.78327405,0.4661611,0.5081663,0.6939321,1,1,0,1,1
1998_798752.txt,1,1,1,0,0,0.8459245,0.5218012,0.72394913,0.8491422,0.8584206,1,1,1,1,1
2000_579209.txt,1,0,1,1,0,0.95209366,0.23907939,0.7524123,0.7980364,0.5911082,1,0,1,1,1
2003_58.txt,1,0,1,1,1,0.9157696,0.2879561,0.86616,0.48409516,0.8581423,1,0,1,0,1
1997_570131.txt,1,0,1,1,0,0.81956434,0.4236336,0.84716105,0.6180541,0.9612085,1,0,1,1,1
1999_781663.txt,0,1,0,0,0,0.3626313,0.80178684,0.37293103,0.59031904,0.40277153,0,1,0,1,0
1998_750868.txt,0,1,0,1,1,0.72303206,0.70810384,0.58481413,0.44796956,0.8655656,1,1,1,0,1
2000_831814.txt,1,1,0,0,1,0.720996,0.8355486,0.679638,0.45637152,0.8442183,1,1,1,0,1
1997_071988.txt,0,0,0,1,1,0.6773345,0.21633947,0.8024545,0.5619748,0.98202676,1,0,1,1,1
1997_813369.txt,0,1,1,1,0,0.88411295,0.6616976,0.8489559,0.8041479,0.85041577,1,1,1,1,1
1997_867722.txt,0,1,0,0,0,0.5983743,0.6160572,0.65388894,0.7222213,0.3935001,1,1,1,1,0
2004_151.txt,0,0,0,0,0,0.8064244,0.35106874,0.43845606,0.35817447,0.8345513,1,0,0,0,1
1999_736368.txt,0,1,0,1,0,0.7193175,0.5213276,0.70783657,0.74186283,0.323568,1,1,1,1,0
2000_894444.txt,1,1,1,1,1,0.939115,0.2979788,0.8629097,0.81318814,0.98866534,1,0,1,1,1
2000_522291.txt,0,1,0,1,0,0.311547,0.77674526,0.25978678,0.44274828,0.57802945,0,1,0,0,1
2000_854482.txt,1,1,1,1,1,0.871575,0.47562274,0.86842763,0.63184524,0.65868205,1,0,1,1,1
2000_935326.txt,0,1,0,0,0,0.84478563,0.44614768,0.7491624,0.7616204,0.9890904,1,0,1,1,1
1998_930178.txt,0,0,0,0,1,0.75754505,0.5286797,0.6440478,0.3950084,0.7865834,1,1,1,0,1
2000_708835.txt,0,0,1,1,1,0.703802,0.47036818,0.93810415,0.6861491,0.5166763,1,0,1,1,1
2003_57.txt,1,0,0,1,0,0.8776899,0.4926653,0.65924996,0.7893616,0.30184603,1,0,1,1,0
1999_892421.txt,0,1,1,0,1,0.9184794,0.072078004,0.82337695,0.88808054,0.99114263,1,0,1,1,1
1998_812901.txt,1,0,1,1,1,0.7623977,0.17664376,0.8988187,0.35331208,0.97881365,1,0,1,0,1
2004_243.txt,0,1,0,1,1,0.7635519,0.21336181,0.84065527,0.24706773,0.9927517,1,0,1,0,1
1997_834761.txt,1,0,0,0,0,0.8872093,0.49763688,0.7582444,0.82336015,0.74505675,1,0,1,1,1
2002_097387.txt,0,0,1,0,0,0.54801714,0.20929644,0.2967522,0.36690834,0.96431845,1,0,0,0,1
1998_439361.txt,1,0,1,1,0,0.8869679,0.3184885,0.8309062,0.73933333,0.4662182,1,0,1,1,0
2000_758465.txt,0,1,1,0,0,0.956458,0.5323802,0.84877855,0.8007609,0.9560418,1,1,1,1,1
2000_890770.txt,1,1,0,0,1,0.8025373,0.53343564,0.6341656,0.42665112,0.8456718,1,1,1,0,1
2004_352.txt,0,0,1,0,1,0.7310725,0.20731099,0.73400104,0.58909285,0.9915565,1,0,1,1,1
2002_079437.txt,1,1,0,0,1,0.8296994,0.4232781,0.88988596,0.83213085,0.53265953,1,0,1,1,1
1998_513098.txt,0,1,1,1,0,0.8646813,0.7909322,0.846948,0.65653,0.8798864,1,1,1,1,1
1999_559341.txt,0,1,1,0,0,0.66641533,0.80905855,0.591346,0.5005654,0.647417,1,1,1,1,1
1997_806274.txt,0,0,0,0,1,0.55934685,0.35430533,0.57279855,0.31002828,0.8634742,1,0,1,0,1
1997_202481.txt,0,0,1,1,1,0.81623006,0.058362685,0.8142392,0.829851,0.9696406,1,0,1,1,1
1999_846387.txt,1,1,0,1,1,0.91543233,0.70462614,0.8661472,0.77314544,0.58039427,1,1,1,1,1
2002_735375.txt,1,1,1,1,1,0.93269175,0.6170013,0.9618229,0.7150179,0.7419857,1,1,1,1,1
2002_464678.txt,1,0,0,0,1,0.7923651,0.29747355,0.5181498,0.4261384,0.94473124,1,0,1,0,1
2004_55.txt,0,1,0,0,1,0.58978236,0.26130018,0.49805897,0.28302026,0.9904184,1,0,0,0,1
1999_811679.txt,1,1,0,0,0,0.70697594,0.8209057,0.62673193,0.39228263,0.797204,1,1,1,0,1
1997_854163.txt,0,0,0,0,1,0.38338557,0.54073894,0.71325755,0.23262824,0.86288905,0,1,1,0,1
1999_972522.txt,0,0,0,0,0,0.32582602,0.8560914,0.35437202,0.31644624,0.56919855,0,1,0,0,1
1999_573291.txt,0,0,0,0,0,0.64053893,0.60597706,0.2522761,0.38408506,0.6816812,1,1,0,0,1
2004_414.txt,1,1,0,0,1,0.935243,0.6898057,0.8086922,0.55969864,0.7588166,1,1,1,1,1
2000_858070.txt,0,1,0,0,0,0.8881805,0.5133588,0.7063467,0.49875546,0.91608775,1,1,1,0,1
2000_930465.txt,1,1,0,0,1,0.8469978,0.5048542,0.7262375,0.46556506,0.9789661,1,1,1,0,1
2004_9.txt,1,0,1,1,0,0.89392537,0.21431285,0.8963793,0.86052847,0.7828781,1,0,1,1,1
2003_135.txt,0,0,0,0,1,0.6105743,0.18294819,0.5452999,0.5059088,0.98067266,1,0,1,1,1
1999_609608.txt,1,0,0,0,1,0.82771134,0.28589702,0.8325226,0.37272817,0.4309226,1,0,1,0,0
2000_657883.txt,0,1,1,1,1,0.6437881,0.55383945,0.6286313,0.6092645,0.7530303,1,1,1,1,1
1997_727234.txt,1,1,1,1,0,0.97622,0.21932657,0.849693,0.8077337,0.8132778,1,0,1,1,1
1999_977136.txt,0,1,0,1,0,0.62382656,0.43289718,0.67661077,0.76315606,0.4817329,1,0,1,1,0
1998_559695.txt,0,0,1,0,0,0.84538764,0.37041453,0.4838803,0.52211094,0.7984794,1,0,0,1,1
1997_410675.txt,0,1,1,0,0,0.7695665,0.70175076,0.66448617,0.59928834,0.75886214,1,1,1,1,1
2003_566.txt,1,1,1,1,0,0.9311055,0.2651763,0.9268957,0.63787997,0.6365482,1,0,1,1,1
2004_317.txt,0,1,0,0,0,0.70576924,0.7469627,0.67105913,0.5711623,0.5683233,1,1,1,1,1
2002_873089.txt,1,0,1,1,1,0.7928951,0.26277,0.9448537,0.6379305,0.63842267,1,0,1,1,1
2002_078803.txt,0,1,0,0,0,0.8398759,0.67523,0.37504268,0.5399238,0.8621833,1,1,0,1,1
2002_059772.txt,1,0,1,1,1,0.8772898,0.16868718,0.8415776,0.8216108,0.85991806,1,0,1,1,1
1997_473999.txt,1,0,0,1,0,0.91380507,0.24051587,0.69046336,0.5686457,0.715132,1,0,1,1,1
1999_872645.txt,1,1,1,0,1,0.8855037,0.15511125,0.7966757,0.729538,0.87025917,1,0,1,1,1
2000_693765.txt,1,1,0,1,0,0.570247,0.7662701,0.43435565,0.37123877,0.9069409,1,1,0,0,1
2004_10.txt,1,1,1,1,1,0.939394,0.30530807,0.8327713,0.6419016,0.925644,1,0,1,1,1
2000_739643.txt,0,1,0,1,0,0.75614005,0.87051094,0.44412866,0.5895312,0.7241298,1,1,0,1,1
2000_588595.txt,0,1,1,1,0,0.6532429,0.6390048,0.9290102,0.7475797,0.8727089,1,1,1,1,1
1997_473952.txt,1,0,1,0,0,0.80716425,0.5225252,0.69197,0.44610217,0.83256453,1,1,1,0,1
1997_697536.txt,1,0,1,1,1,0.9349347,0.053391688,0.9649434,0.89646876,0.66658837,1,0,1,1,1
2003_205.txt,0,0,0,0,1,0.51800805,0.3342069,0.6803823,0.3558165,0.9577142,1,0,1,0,1
1998_859548.txt,0,0,0,1,1,0.6510417,0.6750486,0.4294607,0.35016897,0.75250864,1,1,0,0,1
2002_675023.txt,1,0,1,0,0,0.88893366,0.4701618,0.7948447,0.46404046,0.6762275,1,0,1,0,1
1997_592869.txt,1,0,1,1,0,0.9738913,0.06708672,0.8639363,0.9333092,0.8684469,1,0,1,1,1
1999_572182.txt,1,0,1,0,1,0.6455857,0.50033915,0.6970563,0.27569637,0.85114247,1,1,1,0,1
1997_536654.txt,1,0,0,1,1,0.92548865,0.10634243,0.5867244,0.49772704,0.9138336,1,0,1,0,1
1997_479089.txt,1,0,1,1,0,0.9262721,0.034772903,0.9582162,0.9529316,0.8653785,1,0,1,1,1
1998_514882.txt,0,0,0,0,0,0.72333825,0.7647516,0.8280989,0.47542647,0.4588129,1,1,1,0,0
2000_722078.txt,0,1,1,0,0,0.784491,0.78358424,0.5541257,0.6253726,0.86036414,1,1,1,1,1
2002_717531.txt,0,1,0,1,0,0.78855515,0.7965505,0.52044094,0.65983605,0.8743054,1,1,1,1,1
1998_938927.txt,0,1,0,0,1,0.6808659,0.59799397,0.5903621,0.46792063,0.8793321,1,1,1,0,1
1997_857525.txt,1,1,1,0,0,0.91983587,0.35564953,0.8090111,0.5804959,0.7822484,1,0,1,1,1
2003_303.txt,0,1,0,1,1,0.44435593,0.55261517,0.6953436,0.34465286,0.71278167,0,1,1,0,1
2004_475.txt,1,0,1,1,1,0.9101663,0.102074005,0.9602397,0.5200531,0.74908686,1,0,1,1,1
1998_535599.txt,0,1,1,1,0,0.8261097,0.3169427,0.80120605,0.8019339,0.9118728,1,0,1,1,1
2004_421.txt,0,1,0,0,1,0.6630753,0.41390747,0.77361035,0.46046278,0.81935406,1,0,1,0,1
2002_919167.txt,1,0,0,0,1,0.86194,0.48429823,0.6857476,0.38140118,0.8553868,1,0,1,0,1
2002_735955.txt,1,0,0,0,1,0.7454257,0.4077085,0.66674,0.39235646,0.6897576,1,0,1,0,1
2000_911572.txt,0,0,1,1,1,0.7128957,0.37226337,0.8194897,0.7179222,0.9586576,1,0,1,1,1
2002_877267.txt,1,0,1,1,1,0.79444605,0.12790436,0.8509926,0.6477967,0.7917448,1,0,1,1,1
2002_673493.txt,1,0,1,1,0,0.91244817,0.38605115,0.81931627,0.82428163,0.7074786,1,0,1,1,1
1997_891831.txt,0,0,1,0,0,0.51679194,0.36410323,0.68803614,0.6622748,0.7010139,1,0,1,1,1
2002_105793.txt,1,0,1,1,0,0.9195317,0.34536228,0.9233035,0.71072114,0.51428276,1,0,1,1,1
2004_339.txt,0,0,1,1,0,0.5358353,0.095802255,0.7721508,0.7646603,0.7703579,1,0,1,1,1
2004_298.txt,1,1,1,1,1,0.8854375,0.62009984,0.92958796,0.4737172,0.57535374,1,1,1,0,1
2004_378.txt,0,0,0,1,1,0.7444319,0.47507885,0.6768158,0.52148277,0.8207005,1,0,1,1,1
2004_152.txt,1,0,0,1,1,0.9273273,0.51050067,0.79451245,0.6845285,0.7243317,1,1,1,1,1
2000_854761.txt,0,1,0,0,0,0.32623768,0.7444092,0.36800405,0.6112372,0.46009135,0,1,0,1,0
1997_568086.txt,1,0,1,1,1,0.8721262,0.13468625,0.8376284,0.3475577,0.95445246,1,0,1,0,1
1997_778356.txt,1,1,0,1,0,0.8670101,0.5355173,0.5149118,0.60030687,0.6068721,1,1,1,1,1
1997_470418.txt,1,0,0,1,1,0.66615665,0.48122177,0.5654823,0.51412994,0.89295065,1,0,1,1,1
1999_161555.txt,1,0,1,1,1,0.84459805,0.3317275,0.93283826,0.6644973,0.8995725,1,0,1,1,1
1999_542071.txt,1,1,0,1,0,0.92075485,0.7963786,0.81455463,0.4516617,0.3082373,1,1,1,0,0
2004_457.txt,0,1,0,0,0,0.47803736,0.67685425,0.3927849,0.45750707,0.5763011,0,1,0,0,1
1999_640688.txt,0,1,0,1,1,0.7137575,0.51955384,0.69289523,0.52146137,0.8361903,1,1,1,1,1
2000_891138.txt,0,0,1,1,1,0.61857396,0.3500832,0.89705414,0.36287713,0.90867954,1,0,1,0,1
2002_033027.txt,0,1,0,0,1,0.4802055,0.81118387,0.3625499,0.39324227,0.7769031,0,1,0,0,1
1997_971112.txt,1,0,1,1,1,0.9073362,0.3411429,0.78490824,0.5815799,0.70147586,1,0,1,1,1
2002_717530.txt,1,0,0,1,1,0.8255204,0.27267078,0.8581407,0.7288405,0.6410771,1,0,1,1,1
1997_953313.txt,0,1,0,0,0,0.69590527,0.84078103,0.56926674,0.43512398,0.70888084,1,1,1,0,1
2002_734462.txt,0,0,0,0,0,0.5450803,0.72570556,0.28010005,0.32949352,0.74356574,1,1,0,0,1
2000_770472.txt,0,0,0,0,0,0.5822304,0.5041822,0.6328793,0.6723597,0.65754956,1,1,1,1,1
2002_819526.txt,0,0,0,1,0,0.5162885,0.7729349,0.3467488,0.71913916,0.80610037,1,1,0,1,1
2004_314.txt,1,1,1,1,0,0.80612147,0.26089978,0.703821,0.80970454,0.64231455,1,0,1,1,1
2003_26.txt,0,0,1,1,1,0.8912911,0.39112723,0.7653183,0.41818714,0.9066129,1,0,1,0,1
1999_949937.txt,1,1,1,0,1,0.78949994,0.29033616,0.8815581,0.6704064,0.74108696,1,0,1,1,1
2003_502.txt,1,0,1,0,1,0.86146337,0.1192764,0.85556775,0.71529394,0.84825927,1,0,1,1,1
2000_576170.txt,0,0,1,1,0,0.59477925,0.37005684,0.7948716,0.77796274,0.57888937,1,0,1,1,1
2000_636338.txt,0,1,1,1,1,0.64339495,0.46247217,0.7197749,0.54421335,0.8515048,1,0,1,1,1
1998_789844.txt,1,1,0,1,0,0.89052486,0.5854955,0.6350926,0.5743087,0.5757654,1,1,1,1,1
2003_286.txt,1,0,1,1,0,0.9551868,0.14138687,0.91483283,0.8313531,0.41738567,1,0,1,1,0
2002_996434.txt,1,0,0,1,1,0.7333253,0.15879588,0.78840435,0.6753736,0.7946095,1,0,1,1,1
2004_56.txt,0,1,1,1,0,0.7519238,0.7089144,0.7599096,0.57329947,0.9233824,1,1,1,1,1
1999_556061.txt,1,1,1,1,1,0.96949244,0.2808618,0.9675898,0.9191257,0.90974414,1,0,1,1,1
1997_394566.txt,1,1,1,0,1,0.8762869,0.3612208,0.93471706,0.7150248,0.9432292,1,0,1,1,1
2004_361.txt,0,1,0,1,1,0.89524084,0.76672816,0.6664405,0.56300926,0.72240645,1,1,1,1,1
1999_517561.txt,0,1,0,0,1,0.48148748,0.69346195,0.49620527,0.44835672,0.7469311,0,1,0,0,1
2003_59.txt,0,0,1,1,0,0.9084898,0.2577998,0.9020724,0.92996573,0.7216051,1,0,1,1,1
1998_804864.txt,0,1,1,0,1,0.68665123,0.17508274,0.6826647,0.63624585,0.98747474,1,0,1,1,1
2003_68.txt,0,0,0,0,0,0.66999793,0.7290652,0.5589935,0.18234643,0.8593079,1,1,1,0,1
1998_535687.txt,0,1,1,1,1,0.7880353,0.44918597,0.7061071,0.64033407,0.841267,1,0,1,1,1
1998_392683.txt,1,0,1,0,1,0.7972966,0.19519703,0.8084419,0.5802057,0.9774026,1,0,1,1,1
1997_819953.txt,0,0,1,1,1,0.6327128,0.15436426,0.90566605,0.76747394,0.957549,1,0,1,1,1
1997_872282.txt,1,0,1,1,0,0.87130237,0.3455446,0.89421225,0.8116662,0.52042866,1,0,1,1,1
1998_432648.txt,0,1,0,0,1,0.6108811,0.75186217,0.57530695,0.37791336,0.8581735,1,1,1,0,1
2000_632019.txt,1,0,1,1,1,0.8767147,0.11198105,0.9234063,0.69051874,0.7521617,1,0,1,1,1
1999_558853.txt,1,1,0,0,0,0.84807265,0.5151985,0.6702691,0.44303265,0.7861291,1,1,1,0,1
2004_327.txt,1,1,0,1,1,0.8989918,0.28192595,0.8712778,0.80139035,0.997442,1,0,1,1,1
1999_959747.txt,0,0,1,1,1,0.65756696,0.36380112,0.84183973,0.5063834,0.8967065,1,0,1,1,1
1998_596111.txt,1,0,0,0,1,0.80904406,0.16005084,0.38454792,0.6944152,0.94472647,1,0,0,1,1
2003_421.txt,1,1,0,0,1,0.85072327,0.35508946,0.6683366,0.6242884,0.8815145,1,0,1,1,1
1999_821141.txt,0,0,1,0,1,0.6589842,0.55867696,0.7006464,0.37662494,0.95313287,1,1,1,0,1
1999_595531.txt,0,1,1,0,0,0.8070748,0.7010328,0.7546335,0.6759436,0.5982316,1,1,1,1,1
1999_595780.txt,1,0,1,0,1,0.80190384,0.41023612,0.8146375,0.6628513,0.8774015,1,0,1,1,1
2000_658123.txt,1,1,0,0,0,0.78913635,0.65445805,0.6491454,0.43238023,0.7363595,1,1,1,0,1
2003_77.txt,0,1,0,0,1,0.44942126,0.8393839,0.47418758,0.35906765,0.92930216,0,1,0,0,1
1999_614052.txt,1,0,1,1,1,0.6769715,0.23152024,0.7230961,0.4667289,0.84953254,1,0,1,0,1
1997_732418.txt,1,0,0,0,0,0.76729625,0.39837462,0.46677563,0.4000531,0.8538624,1,0,0,0,1
1998_836815.txt,1,0,0,1,0,0.8115457,0.21497235,0.84213376,0.8078994,0.6509217,1,0,1,1,1
2002_478832.txt,0,0,0,1,0,0.62802124,0.14424261,0.77895963,0.74968964,0.9947497,1,0,1,1,1
1998_931283.txt,0,1,0,0,0,0.782693,0.8010589,0.541954,0.477843,0.7055686,1,1,1,0,1
1998_551340.txt,0,1,0,1,0,0.7644692,0.9079129,0.7734249,0.4619324,0.48165601,1,1,1,0,0
2003_233.txt,1,0,1,1,1,0.92313653,0.16337663,0.9480648,0.86332375,0.9077252,1,0,1,1,1
2003_110.txt,0,0,1,0,0,0.672048,0.5703031,0.8020827,0.46046835,0.9050677,1,1,1,0,1
1998_628315.txt,1,1,0,0,0,0.91328037,0.6731134,0.69426507,0.49988106,0.52464837,1,1,1,0,1
2002_990120.txt,1,0,1,0,0,0.8300005,0.35849175,0.62732905,0.6605957,0.838999,1,0,1,1,1
2002_657764.txt,1,0,1,0,1,0.96265817,0.18480879,0.8843675,0.73344654,0.8927583,1,0,1,1,1
2000_595927.txt,1,0,0,0,1,0.8463217,0.24472903,0.6179765,0.38387775,0.91529906,1,0,1,0,1
2004_344.txt,1,0,1,1,1,0.7804311,0.4020717,0.77408606,0.7405672,0.97929275,1,0,1,1,1
2004_47.txt,1,1,0,0,1,0.945253,0.48764032,0.7850494,0.57472533,0.60678387,1,0,1,1,1
2002_678839.txt,1,0,1,1,1,0.88265646,0.13866693,0.9720814,0.7017627,0.8486754,1,0,1,1,1
1997_571199.txt,0,0,1,1,0,0.7932616,0.16305043,0.5293885,0.68632114,0.9433497,1,0,1,1,1
2003_130.txt,0,1,1,0,1,0.5259815,0.7910367,0.7177462,0.47637948,0.85097635,1,1,1,0,1
1999_559897.txt,1,1,1,1,1,0.84613764,0.4370756,0.8558443,0.44266567,0.8893648,1,0,1,0,1
1999_431078.txt,1,1,1,1,1,0.91227853,0.51124245,0.85522115,0.44564328,0.6990743,1,1,1,0,1
2003_349.txt,0,0,0,1,0,0.6527346,0.28338042,0.45824042,0.56943077,0.9147689,1,0,0,1,1
2000_137009.txt,0,1,1,0,1,0.54635555,0.64470524,0.47892398,0.35864177,0.80283487,1,1,0,0,1
2000_672860.txt,0,0,1,1,0,0.63171756,0.46803954,0.8089406,0.75646734,0.31670475,1,0,1,1,0
2000_557603.txt,0,0,0,0,0,0.73312116,0.5863319,0.58955234,0.4829007,0.75788283,1,1,1,0,1
1998_564982.txt,0,0,0,1,0,0.74183655,0.7384256,0.66925657,0.5684027,0.6370237,1,1,1,1,1
1998_493717.txt,1,0,1,1,0,0.8897973,0.26098612,0.8714202,0.67537844,0.7370688,1,0,1,1,1
1997_992092.txt,1,1,1,0,0,0.92539185,0.52143127,0.7433109,0.5468738,0.9519813,1,1,1,1,1
2003_34.txt,0,0,1,0,1,0.6434218,0.24431066,0.6705164,0.7015194,0.9195468,1,0,1,1,1
2003_199.txt,1,0,1,0,1,0.81916946,0.21334684,0.9243609,0.49253234,0.97124624,1,0,1,0,1
2004_390.txt,0,1,1,1,1,0.74788266,0.45429078,0.7918648,0.69672734,0.81393194,1,0,1,1,1
1997_057748.txt,0,1,0,0,1,0.8109181,0.65803397,0.56860846,0.47933477,0.8871812,1,1,1,0,1
1998_930531.txt,1,1,1,1,0,0.9497761,0.6342214,0.9123496,0.74163485,0.5290734,1,1,1,1,1
2000_951548.txt,1,1,0,1,1,0.9255284,0.23745285,0.8135273,0.40786073,0.7766506,1,0,1,0,1
1997_934160.txt,0,1,0,0,1,0.78630555,0.8029106,0.4646069,0.5869847,0.9044816,1,1,0,1,1
2003_343.txt,1,1,1,1,1,0.9445029,0.5799078,0.9132682,0.80440116,0.41399872,1,1,1,1,0
2000_554818.txt,0,0,0,1,0,0.7890485,0.47554564,0.6842886,0.52024126,0.58446306,1,0,1,1,1
1998_477540.txt,0,0,0,0,1,0.7655244,0.09146746,0.85921764,0.58574003,0.99554116,1,0,1,1,1
1999_048310.txt,1,1,1,0,1,0.820442,0.6756694,0.95220476,0.58023113,0.21545807,1,1,1,1,0
1999_693817.txt,1,0,1,0,1,0.8937768,0.16856933,0.4622678,0.34393328,0.98620576,1,0,0,0,1
1999_737251.txt,0,1,0,0,1,0.52330786,0.5522183,0.5150852,0.41177857,0.9362541,1,1,1,0,1
2002_142749.txt,1,1,0,0,0,0.790824,0.33320028,0.84114504,0.85251343,0.90307367,1,0,1,1,1
2004_324.txt,1,1,0,0,1,0.9111429,0.46051547,0.5795191,0.2965192,0.96916413,1,0,1,0,1
1999_120720.txt,0,0,1,0,1,0.4795585,0.41324845,0.5823834,0.35823786,0.933093,0,0,1,0,1
1999_556110.txt,1,0,1,0,0,0.8795278,0.2394441,0.71422946,0.727812,0.7947072,1,0,1,1,1
2000_147469.txt,1,1,1,1,0,0.88354456,0.29301026,0.887611,0.66936123,0.8851132,1,0,1,1,1
1999_892501.txt,1,0,0,0,0,0.81852096,0.23325172,0.6144434,0.58378047,0.880633,1,0,1,1,1
1999_731141.txt,0,1,1,0,0,0.83083665,0.7892017,0.53591675,0.28891596,0.8061714,1,1,1,0,1
1999_911928.txt,0,0,0,1,1,0.55676883,0.35501444,0.39397934,0.47218147,0.7079832,1,0,0,0,1
2002_972407.txt,1,1,1,1,1,0.9415335,0.49410394,0.83769834,0.67471457,0.2950279,1,0,1,1,0
2003_179.txt,1,1,0,0,0,0.8360361,0.50217205,0.3317436,0.44209144,0.87720233,1,1,0,0,1
2004_236.txt,0,1,1,0,0,0.59249073,0.7224973,0.42984167,0.42999098,0.57049054,1,1,0,0,1
1999_559950.txt,0,1,0,0,0,0.81861556,0.8188678,0.6508306,0.51978064,0.74435943,1,1,1,1,1
2003_79.txt,1,1,0,1,0,0.74274814,0.67854875,0.82910454,0.577551,0.41729063,1,1,1,1,0
2004_356.txt,1,0,1,1,1,0.92678285,0.09841153,0.9239747,0.71031135,0.79588854,1,0,1,1,1
2002_898153.txt,0,1,1,1,1,0.73186046,0.71906996,0.7522128,0.6282641,0.32644725,1,1,1,1,0
2002_676992.txt,1,0,1,1,0,0.84545875,0.5663923,0.7776582,0.7219211,0.71982074,1,1,1,1,1
2002_037524.txt,0,1,0,0,0,0.7748687,0.83609027,0.51643515,0.55954516,0.66783327,1,1,1,1,1
1999_639934.txt,1,0,1,1,1,0.883246,0.14966094,0.93220234,0.7069655,0.7184466,1,0,1,1,1
1997_012113.txt,1,0,1,1,0,0.83158016,0.17372718,0.93906915,0.74467015,0.36067954,1,0,1,1,0
2000_788565.txt,0,1,1,0,0,0.8817899,0.7749977,0.7395441,0.53639185,0.4898996,1,1,1,1,0
2000_182860.txt,0,1,0,0,1,0.27035147,0.6364813,0.5143462,0.3269518,0.97137165,0,1,1,0,1
2002_497579.txt,0,0,1,1,1,0.48450276,0.24119829,0.7241697,0.5611437,0.91178274,0,0,1,1,1
1997_634976.txt,0,0,1,0,0,0.9362106,0.22749895,0.90957737,0.73488015,0.44375065,1,0,1,1,0
1998_894005.txt,1,1,0,0,1,0.8269135,0.5672252,0.6850952,0.55956906,0.79116184,1,1,1,1,1
1999_927566.txt,1,1,0,1,1,0.85885584,0.53779435,0.66692084,0.44888228,0.8085747,1,1,1,0,1
2004_119.txt,1,0,1,1,1,0.8800079,0.21965577,0.92930275,0.5451854,0.8678151,1,0,1,1,1
1998_559341.txt,0,1,1,0,1,0.6379447,0.40928793,0.68475384,0.60961354,0.975867,1,0,1,1,1
1999_163164.txt,0,1,0,0,0,0.8030006,0.568861,0.44815162,0.58961624,0.8980625,1,1,0,1,1
1999_716114.txt,0,1,0,1,0,0.57335746,0.5830398,0.79470086,0.79376847,0.55822915,1,1,1,1,1
2000_674316.txt,1,1,0,0,1,0.9199421,0.60832024,0.7089912,0.50723696,0.65258175,1,1,1,1,1
2002_036006.txt,1,1,0,1,0,0.8995477,0.44239274,0.5667888,0.54417694,0.7977591,1,0,1,1,1
2003_82.txt,1,0,1,1,1,0.8195635,0.19630396,0.89911574,0.799834,0.77018607,1,0,1,1,1
1999_818192.txt,1,0,1,1,1,0.90618694,0.19630402,0.95531374,0.6332548,0.49623662,1,0,1,1,0
2002_936431.txt,0,0,0,0,0,0.43439144,0.71975094,0.6269086,0.607349,0.6964844,0,1,1,1,1
1997_750427.txt,0,1,0,0,0,0.8620752,0.6715285,0.49228296,0.45020744,0.9003052,1,1,0,0,1
1999_619944.txt,0,1,1,0,1,0.6110293,0.8096704,0.73726124,0.6131146,0.8729757,1,1,1,1,1
1999_532271.txt,1,0,0,0,1,0.7722686,0.6314637,0.8017625,0.49408928,0.7076482,1,1,1,0,1
1997_266831.txt,1,1,1,0,0,0.87142724,0.67585456,0.8899197,0.6245118,0.809199,1,1,1,1,1
1998_770914.txt,0,0,1,1,1,0.6161922,0.19652826,0.84785193,0.6406609,0.96473396,1,0,1,1,1
1997_794682.txt,1,0,1,1,1,0.8813708,0.16451573,0.94887185,0.83319235,0.7410127,1,0,1,1,1
1997_913103.txt,1,1,0,0,1,0.6036897,0.64335626,0.4082367,0.11864151,0.9090145,1,1,0,0,1
1999_638698.txt,1,0,1,1,1,0.8341697,0.1382299,0.93839526,0.5629378,0.69920164,1,0,1,1,1
2002_652604.txt,0,1,1,1,0,0.60702294,0.7387251,0.6642421,0.5330783,0.52297866,1,1,1,1,1
2000_265656.txt,1,1,1,0,0,0.9540472,0.27366853,0.96549094,0.9237504,0.93006253,1,0,1,1,1
1998_494559.txt,1,1,1,1,0,0.9094472,0.21497041,0.9198179,0.76339716,0.9835788,1,0,1,1,1
2000_669620.txt,1,0,0,1,1,0.61077404,0.23912156,0.837287,0.40421292,0.8736388,1,0,1,0,1
1999_958720.txt,0,0,0,1,1,0.49985495,0.4451569,0.54707915,0.61937016,0.821773,0,0,1,1,1
2000_871605.txt,1,0,1,1,1,0.94406027,0.10361881,0.9225755,0.8148317,0.95138866,1,0,1,1,1
2002_763964.txt,0,1,1,1,0,0.9401884,0.6737742,0.84725714,0.5747623,0.35446337,1,1,1,1,0
2002_659246.txt,1,0,1,1,0,0.980097,0.07284858,0.96111214,0.92173076,0.9569731,1,0,1,1,1
2000_201466.txt,0,1,1,0,1,0.72153693,0.6218768,0.47591516,0.38372657,0.8625587,1,1,0,0,1
1999_736075.txt,1,0,0,0,0,0.9231474,0.6149572,0.77389395,0.45372197,0.7146812,1,1,1,0,1
2000_426306.txt,1,0,1,1,0,0.9732088,0.2652,0.9496613,0.8649999,0.87452865,1,0,1,1,1
2002_538120.txt,1,0,1,1,1,0.7838921,0.13084388,0.9149226,0.34653503,0.87478226,1,0,1,0,1
2004_455.txt,0,0,0,0,0,0.18391591,0.833763,0.1618305,0.29148927,0.7651209,0,1,0,0,1
1999_801057.txt,1,1,1,1,1,0.87927353,0.096158676,0.77896607,0.5276225,0.9883996,1,0,1,1,1
1998_815480.txt,1,0,1,1,1,0.8128799,0.1331093,0.9035686,0.49346587,0.88059336,1,0,1,0,1
2002_716298.txt,1,1,1,0,1,0.88117945,0.74923164,0.81934696,0.48262748,0.8163112,1,1,1,0,1
2002_747057.txt,1,0,1,1,1,0.9003205,0.22491553,0.94878507,0.69348466,0.77715975,1,0,1,1,1
1998_690595.txt,1,1,1,0,1,0.5020354,0.43912122,0.7001019,0.353189,0.81028956,1,0,1,0,1
1997_813079.txt,0,0,0,1,0,0.5402475,0.31513652,0.44463894,0.511093,0.7528463,1,0,0,1,1
1999_877024.txt,0,1,0,1,1,0.8886369,0.6994984,0.6210283,0.35668278,0.9216572,1,1,1,0,1
1998_959060.txt,0,0,1,0,1,0.3284559,0.7504182,0.7354232,0.27155563,0.7185999,0,1,1,0,1
2004_490.txt,0,0,1,0,1,0.93207335,0.22357257,0.7190013,0.5220471,0.81082344,1,0,1,1,1
2004_124.txt,0,0,1,1,1,0.768773,0.060048003,0.9489084,0.7141785,0.9937065,1,0,1,1,1
2000_735261.txt,1,0,0,0,1,0.6744468,0.2744325,0.62787056,0.30931216,0.97493005,1,0,1,0,1
2003_493.txt,1,0,0,0,0,0.8632907,0.3101252,0.48339167,0.45855466,0.7118747,1,0,0,0,1
1997_568848.txt,1,0,1,1,0,0.973783,0.16030003,0.84352297,0.8898013,0.7593566,1,0,1,1,1
1997_716840.txt,1,0,1,0,1,0.8973727,0.50786227,0.7458836,0.25935343,0.6935399,1,1,1,0,1
2002_651875.txt,1,0,1,0,1,0.910735,0.15496144,0.917692,0.5652633,0.8739804,1,0,1,1,1
2004_175.txt,1,0,0,1,0,0.88640565,0.13455008,0.722301,0.7404822,0.7464827,1,0,1,1,1
2002_293192.txt,1,0,1,1,1,0.89262646,0.12169428,0.96020454,0.6216132,0.9403446,1,0,1,1,1
1998_510203.txt,0,0,1,1,0,0.75771827,0.39356136,0.6127668,0.3644928,0.930452,1,0,1,0,1
1999_592250.txt,1,1,1,0,0,0.91148144,0.51730585,0.8173377,0.5560121,0.7654374,1,1,1,1,1
2002_765168.txt,1,1,0,0,0,0.826156,0.8455305,0.5982169,0.2868684,0.8724615,1,1,1,0,1
2002_765933.txt,1,0,1,1,1,0.9529123,0.06081495,0.901906,0.7892853,0.9803498,1,0,1,1,1
1997_123854.txt,1,0,1,0,1,0.7799252,0.1441735,0.9417083,0.5896101,0.5020512,1,0,1,1,1
2003_133.txt,1,0,0,0,1,0.8947522,0.55923957,0.9271931,0.4978822,0.71082693,1,1,1,0,1
1997_140292.txt,1,0,1,1,0,0.8539628,0.10713083,0.69767183,0.46226203,0.9815137,1,0,1,0,1
2002_939045.txt,0,1,0,0,1,0.6313528,0.3490241,0.54134405,0.3894916,0.90171564,1,0,1,0,1
2000_869726.txt,0,0,0,1,0,0.51952386,0.6521898,0.268638,0.5420602,0.48539308,1,1,0,1,0
1997_430172.txt,0,0,1,1,0,0.7541474,0.44738936,0.6929036,0.8428171,0.54503495,1,0,1,1,1
2000_532944.txt,1,1,1,0,0,0.94748545,0.38130563,0.8535403,0.6683943,0.97821677,1,0,1,1,1
1997_518093.txt,0,0,1,1,1,0.656446,0.060754217,0.9536574,0.6228598,0.94133174,1,0,1,1,1
2000_908148.txt,1,0,1,1,1,0.8803326,0.2552685,0.82165515,0.6492641,0.71690184,1,0,1,1,1
1999_144526.txt,0,1,1,0,0,0.8777363,0.80930483,0.6640857,0.34788996,0.5022155,1,1,1,0,1
2002_718305.txt,1,1,1,1,1,0.9063338,0.67283314,0.9292551,0.6139367,0.44715738,1,1,1,1,0
2003_313.txt,1,1,1,1,1,0.7794776,0.5998292,0.7402878,0.5013485,0.61681086,1,1,1,1,1
2003_260.txt,1,1,1,0,1,0.77126765,0.73696685,0.5869851,0.23832405,0.87349135,1,1,1,0,1
2002_106590.txt,0,1,1,1,0,0.84216064,0.51555574,0.7098587,0.60882145,0.8432806,1,1,1,1,1
2003_98.txt,0,1,1,1,0,0.9122056,0.79590434,0.82807875,0.55203813,0.5847512,1,1,1,1,1
1998_769425.txt,0,1,0,0,0,0.72834253,0.4177032,0.57260466,0.49559554,0.85223275,1,0,1,0,1
2002_875628.txt,1,0,1,0,0,0.83883864,0.08766569,0.81810755,0.50756633,0.95663,1,0,1,1,1
2002_798513.txt,1,1,1,0,1,0.8884549,0.599824,0.8096947,0.35535735,0.88784105,1,1,1,0,1
1997_033283.txt,1,0,1,0,1,0.82752514,0.23441814,0.86483365,0.6635215,0.75376475,1,0,1,1,1
1997_783160.txt,1,0,1,1,1,0.92073596,0.21016479,0.953767,0.60386705,0.7016551,1,0,1,1,1
2003_283.txt,1,0,1,1,1,0.6886582,0.07309908,0.93052393,0.29149848,0.9874428,1,0,1,0,1
1998_759985.txt,0,0,1,1,0,0.6933937,0.30764177,0.6687991,0.64741254,0.75971633,1,0,1,1,1
1999_571433.txt,0,1,1,0,0,0.66264766,0.8276775,0.9331085,0.652193,0.37121722,1,1,1,1,0
2002_285967.txt,1,1,0,0,1,0.81835175,0.38073307,0.5366899,0.4476625,0.96958834,1,0,1,0,1
1999_539537.txt,0,1,0,1,0,0.7447789,0.7670468,0.7308911,0.7533006,0.52655244,1,1,1,1,1
1998_455323.txt,0,1,0,1,1,0.6698131,0.54066527,0.7690789,0.60416406,0.9577095,1,1,1,1,1
1998_614375.txt,1,1,1,0,0,0.8642057,0.39790997,0.86704665,0.3847064,0.8182355,1,0,1,0,1
1999_512642.txt,1,0,1,1,1,0.7894348,0.4181762,0.82651335,0.50571734,0.33269632,1,0,1,1,0
1998_932282.txt,1,1,0,0,1,0.8995949,0.20026353,0.6655428,0.6872072,0.86356115,1,0,1,1,1
1998_798053.txt,0,1,1,0,1,0.68088406,0.6889419,0.6835611,0.35194987,0.7990307,1,1,1,0,1
1999_034196.txt,0,1,0,0,1,0.76989996,0.14511837,0.46573457,0.7152667,0.98104423,1,0,0,1,1
2004_142.txt,1,1,1,1,0,0.8767006,0.5355071,0.9552262,0.7452559,0.45451978,1,1,1,1,0
2004_48.txt,0,1,0,0,1,0.54079217,0.8172977,0.5452118,0.28590775,0.76185113,1,1,1,0,1
1998_732702.txt,0,1,1,0,0,0.6547383,0.5165914,0.70339775,0.79835635,0.9006956,1,1,1,1,1
2002_650332.txt,1,1,0,1,1,0.54595745,0.7688246,0.59732586,0.3160809,0.78095293,1,1,1,0,1
2003_374.txt,0,1,0,0,0,0.7933056,0.85480446,0.48117694,0.4903616,0.59854764,1,1,0,0,1
2000_681975.txt,0,1,0,0,0,0.9310682,0.5652788,0.8492034,0.74921906,0.6390504,1,1,1,1,1
2000_538230.txt,1,0,1,1,0,0.92802054,0.33694738,0.8312344,0.53492165,0.7892689,1,0,1,1,1
2000_515950.txt,0,1,0,0,1,0.5508553,0.8295677,0.37505892,0.31438604,0.8022425,1,1,0,0,1
1999_419686.txt,1,0,1,1,0,0.9271724,0.19752434,0.7846835,0.8112644,0.72598356,1,0,1,1,1
2004_195.txt,0,1,1,0,0,0.8521579,0.77544945,0.76111573,0.35837027,0.64909256,1,1,1,0,1
1997_918357.txt,0,1,1,0,0,0.8585646,0.55459505,0.6896795,0.79179764,0.5046283,1,1,1,1,1
2000_802646.txt,0,0,1,0,1,0.67996144,0.2031007,0.6664366,0.74592125,0.9832224,1,0,1,1,1
1999_997807.txt,0,1,0,0,1,0.72211295,0.7176394,0.5493254,0.62162346,0.9097143,1,1,1,1,1
2002_792236.txt,1,0,1,1,1,0.7467029,0.15227254,0.9706966,0.63287884,0.95767504,1,0,1,1,1
1998_191094.txt,0,1,0,0,0,0.7014645,0.5498115,0.7182508,0.42656738,0.9730867,1,1,1,0,1
1997_936666.txt,1,1,0,1,1,0.8000971,0.59863305,0.43796572,0.54005736,0.90308523,1,1,0,1,1
2004_198.txt,0,0,1,0,0,0.46630508,0.16377172,0.843212,0.6445952,0.9634884,0,0,1,1,1
2003_94.txt,1,1,1,1,0,0.95520115,0.7465184,0.9315437,0.7443785,0.5502661,1,1,1,1,1
2004_308.txt,0,0,1,1,1,0.6628515,0.59745425,0.8389597,0.3711612,0.822491,1,1,1,0,1
2000_673542.txt,0,0,0,0,0,0.5336748,0.69608223,0.3562022,0.7301024,0.8737902,1,1,0,1,1
1998_333355.txt,1,0,0,0,0,0.565401,0.3018655,0.53464,0.47053754,0.3763354,1,0,1,0,0
2004_201.txt,1,0,1,1,1,0.74759954,0.28306574,0.80850303,0.66024977,0.804263,1,0,1,1,1
2003_176.txt,0,0,1,1,0,0.759596,0.31039384,0.688727,0.71874315,0.80140144,1,0,1,1,1
2003_204.txt,1,1,0,0,1,0.8331342,0.4672123,0.59184456,0.5284651,0.78447634,1,0,1,1,1
1997_161444.txt,0,0,1,0,1,0.7827137,0.24834755,0.88800126,0.34731323,0.91346526,1,0,1,0,1
2004_343.txt,0,0,0,1,1,0.47809875,0.5766408,0.4797938,0.5237692,0.94951254,0,1,0,1,1
2000_899852.txt,0,0,1,0,1,0.5633195,0.4333908,0.93452173,0.26249167,0.91285926,1,0,1,0,1
2003_151.txt,1,1,1,1,0,0.8854472,0.63695973,0.7122477,0.7686298,0.8116526,1,1,1,1,1
2004_452.txt,0,1,0,0,0,0.7735087,0.76582694,0.44064295,0.7114917,0.949693,1,1,0,1,1
2003_265.txt,0,0,1,1,0,0.7814798,0.46050435,0.67983854,0.62492955,0.8525873,1,0,1,1,1
1998_932105.txt,1,1,1,0,0,0.931176,0.3058336,0.6742045,0.8041608,0.9230004,1,0,1,1,1
1998_790795.txt,1,0,0,0,0,0.81336296,0.3333493,0.6135502,0.48234776,0.59251076,1,0,1,0,1
1998_578648.txt,1,0,0,1,1,0.60930043,0.30929932,0.60187876,0.30223888,0.9656957,1,0,1,0,1
1999_877268.txt,1,0,1,0,1,0.7745505,0.34768683,0.8214126,0.5392861,0.78511363,1,0,1,1,1
2003_329.txt,1,1,1,1,1,0.93352383,0.16248617,0.95536834,0.7921657,0.9260862,1,0,1,1,1
1999_814929.txt,1,0,1,0,1,0.7960339,0.20306295,0.81525177,0.27874163,0.962555,1,0,1,0,1
2000_812774.txt,1,0,1,1,1,0.8377856,0.17712635,0.9004111,0.2992175,0.8864153,1,0,1,0,1
2003_63.txt,0,1,1,1,1,0.7949809,0.6564941,0.85552794,0.6532682,0.44953096,1,1,1,1,0
